AuthorID,Author,KatAuthor,RomAuthor
1,あべ弘士,アベヒロシ,ABEHIROSHI
2,阿部和広,アベカズヒロ,ABEKAZUHIRO
3,阿部夏丸,アベナツマル,ABENATSUMARU
4,阿部知二,アベトモジ,ABETOMOJI
5,あだちなみ,アダチナミ,ADACHINAMI
6,アガサ・クリスティー,アガサ・クリスティー,AGASA・KURISUTEI
7,阿川弘之,アガワヒロユキ,AGAWAHIROYUKI
8,あいはらひろゆき,アイハラヒロユキ,AIHARAHIROYUKI
9,赤羽末吉,アカバネスエキチ,AKABANESUEKICHI
10,赤川次郎,アカガワジロウ,AKAGAWAJIRO
11,赤坂行雄,アカサカユキオ,AKASAKAYUKIO
12,赤塚不二夫,アカツカフジオ,AKATSUKAFUJIO
13,明橋大二,アケハシダイニ,AKEHASHIDAINI
14,秋木真,アキモクシン,AKIMOKUSHIN
15,秋山仁,アキヤマジン,AKIYAMAJIN
16,秋山風三郎,アキヤマカゼサブロウ,AKIYAMAKAZESABURO
17,あきやまかぜさぶろう,アキヤマカゼサブロウ,AKIYAMAKAZESABURO
18,あきやまただし,アキヤマタダシ,AKIYAMATADASHI
19,芥川龍之介,アクタガワリュウノスケ,AKUTAGAWARYUNOSUKE
20,あまんきみこ,アマンキミコ,AMANKIMIKO
21,天野慶,アマノイワイ,AMANOIWAI
22,天沼春樹,アマヌマハルキ,AMANUMAHARUKI
23,あんびるやすこ,アンビルヤスコ,AMBIRUYASUKO
24,網野善彦,アミノヨシヒコ,AMINOYOSHIHIKO
25,アンデルセン,アンデルセン,ANDERUSEN
26,安東次男,アンドウジナン,ANDOJINAN
27,安藤由紀,アンドウユキ,ANDOYUKI
28,アントゥーンクリングス,アントゥーン クリングス,ANTON KURINGUSU
29,安西水丸,アンザイミズマル,ANZAIMIZUMARU
30,あおきひろえ,アオキヒロエ,AOKIHIROE
31,あおきてつお,アオキテツオ,AOKITETSUO
32,粟生こずえ,アオコズエ,AOKOZUE
33,青山剛昌,アオヤマゴウショウ,AOYAMAGOSHO
34,荒井良二,アライリョウジ,ARAIRYOJI
35,新井康允,アライヤスタネ,ARAIYASUTANE
36,新井洋行,アライヨウコウ,ARAIYOKO
37,荒木飛呂彦,アラキヒロヒコ,ARAKIHIROHIKO
38,荒俣宏,アラマタコウ,ARAMATAKO
39,アラン・アルバーグ,アラン・アルバーグ,ARAN・ARUBAGU
40,有賀忍,アリガニン,ARIGANIN
41,有木昭久,アリキアキヒサ,ARIKIAKIHISA
42,有沢重雄,アリサワシゲオ,ARISAWASHIGEO
43,アリソン・アトリー,アリソン・アトリー,ARISON・ATORI
44,アルフ・プリョイセン,アルフ・プリョイセン,ARUFU・PURYOISEN
45,アーサー・ビナード,アーサー・ビナード,ASA・BINADO
46,アーサー・コナン・ドイル,アーサー・コナン・ドイル,ASA・KONAN・DOIRU
47,あさばみゆき,アサバミユキ,ASABAMIYUKI
48,朝日小学生新聞,アサヒショウガクセイシンブン,ASAHISHOGAKUSEISHIMBUN
49,浅川満,アサカワマン,ASAKAWAMAN
50,朝倉仁,アサクラジン,ASAKURAJIN
51,朝倉世界一,アサクラセカイイチ,ASAKURASEKAIICHI
52,あさのあつこ,アサノアツコ,ASANOATSUKO
53,あさりよしとお,アサリヨシトオ,ASARIYOSHITO
54,芦辺拓,アシベタク,ASHIBETAKU
55,安房直子,アワナオコ,AWANAOKO
56,文響社編集,アヤヒビキシャヘンシュウ,AYAHIBIKISHAHENSHU
57,馬場のぼる,ババノボル,BABANOBORU
58,バーバラ・クーニー,バーバラ・クーニー,BABARA・KUNI
59,バーバラクーニー,バーバラクーニー,BABARAKUNI
60,馬場保仁,ババヤスヒト,BABAYASUHITO
61,バージニア・リー・バートン,バージニア・リー・バートン,BAJINIA・RI・BATON
62,坂東元,バンドウモト,BANDOMOTO
63,原ゆたか,バラユタカ,BARAYUTAKA
64,芭蕉みどり,バショウミドリ,BASHOMIDORI
65,葉祥明,バヨシアキ,BAYOSHIAKI
66,ビアトリクス・ポター,ビアトリクス・ポター,BIATORIKUSU・POTA
67,開一夫,ビラキイップ,BIRAKIIPPU
68,ビル・マーチン,ビル・マーチン,BIRU・MACHIN
69,武鹿悦子,ブシカエツコ,BUSHIKAETSUKO
70,千葉幹夫,チバミキオ,CHIBAMIKIO
71,千葉茂樹,チバシゲキ,CHIBASHIGEKI
72,近田文弘,チカダフミヒロ,CHIKADAFUMIHIRO
73,長新太,チョウアラタ,CHOARATA
74,ダイアナ・ウィン・ジョーンズ,ダイアナ・ウィン・ジョーンズ,DAIANA・UIN・JONZU
75,ダンヤッカリーノ,ダンヤッカリーノ,DANYAKKARINO
76,ダレン・シャン,ダレン・シャン,DAREN・SHAN
77,俵万智,ダワラマチ,DAWARAMACHI
78,太宰治,ダザイチ,DAZAICHI
79,デヴィッド・カリ,デヴィッド・カリ,DEBUIDDO・KARI
80,出口汪,デグチヒロシ,DEGUCHIHIROSHI
81,ディック・ブルーナ,ディック・ブルーナ,DEIKKU・BURUNA
82,どいかや,ドイカヤ,DOIKAYA
83,土方久功,ドカタヒサノリ,DOKATAHISANORI
84,エアーダイブ,エアーダイブ,EADAIBU
85,越前敏弥,エチゼントシヤ,ECHIZENTOSHIYA
86,江戸川乱歩,エドガワランポ,EDOGAWARAMPO
87,エドワード・アーディゾーニ,エドワード・アーディゾーニ,EDOWADO・ADEIZONI
88,エドワード・ゴーリー,エドワード・ゴーリー,EDOWADO・GORI
89,江口寿子,エグチヒサコ,EGUCHIHISAKO
90,江國香織,エグニカオリ,EGUNIKAORI
91,エイミー・クラウス・ローゼンタール,エイミー・クラウス・ローゼンタール,EIMI・KURAUSU・ROZENTARU
92,エマ・ゴールドホーク,エマ・ゴールドホーク,EMA・GORUDOHOKU
93,エミリー・ロッダ,エミリー・ロッダ,EMIRI・RODDA
94,遠藤蓉子,エンドウヨウコ,ENDOYOKO
95,エンリケ・バリオス,エンリケ・バリオス,ENRIKE・BARIOSU
96,エリック・ヒル,エリック・ヒル,ERIKKU・HIRU
97,エリック・カール,エリック・カール,ERIKKU・KARU
98,エリックリトウィン,エリックリトウィン,ERIKKURITOIN
99,フチモトムネジ,フチモトムネジ,FUCHIMOTOMUNEJI
100,フィオナワット,フィオナワット,FUIONAWATTO
101,フィリパ・ピアス,フィリパ・ピアス,FUIRIPA・PIASU
102,藤ダリオ,フジダリオ,FUJIDARIO
103,藤江じゅん,フジエジュン,FUJIEJUN
104,藤井旭,フジイアサヒ,FUJIIASAHI
105,藤子・F・不二雄,フジコ・F・フジオ,FUJIKO・F・FUJIO
106,藤子不二雄,フジコフジオ,FUJIKOFUJIO
107,藤真知子,フジマトモコ,FUJIMATOMOKO
108,藤本ひとみ,フジモトヒトミ,FUJIMOTOHITOMI
109,藤本ともひこ,フジモトトモヒコ,FUJIMOTOTOMOHIKO
110,藤野恵美,フジノメグミ,FUJINOMEGUMI
111,藤城清治,フジシロキヨジ,FUJISHIROKIYOJI
112,藤田香,フジタコウ,FUJITAKO
113,藤田新策,フジタシンサク,FUJITASHINSAKU
114,深谷圭助,フカヤケイスケ,FUKAYAKEISUKE
115,吹浦忠正,フキウラタダマサ,FUKIURATADAMASA
116,蕗沢忠枝,フキザワタダエ,FUKIZAWATADAE
117,福田淳子,フクダアツコ,FUKUDAATSUKO
118,福田尚弘,フクダナオヒロ,FUKUDANAOHIRO
119,福川祐司,フクガワユウジ,FUKUGAWAYUJI
120,福本友美子,フクモトユミコ,FUKUMOTOYUMIKO
121,福永令三,フクナガレイゾウ,FUKUNAGAREIZO
122,福岡伸一,フクオカシンイチ,FUKUOKASHINICHI
123,福島宏之,フクシマヒロシ,FUKUSHIMAHIROSHI
124,文平玲子,フミヒラレイコ,FUMIHIRAREIKO
125,舟崎克彦,フナサキカツヒコ,FUNASAKIKATSUHIKO
126,フランシス・ホジソンバーネット,フランシス・ホジソンバーネット,FURANSHISU・HOJISOMBANETTO
127,古舘春一,フルダテハルイチ,FURUDATEHARUICHI
128,古田足日,フルタタルヒ,FURUTATARUHI
129,ふしみみさを,フシミミサヲ,FUSHIMIMISAO
130,二木真希子,フタツギマキコ,FUTATSUGIMAKIKO
131,ガブリエル・バンサン,ガブリエル・バンサン,GABURIERU・BANSAN
132,ガブリエル・ゼヴィン,ガブリエル・ゼヴィン,GABURIERU・ZEBUIN
133,甲斐望,ガイモチ,GAIMOCHI
134,甲斐睦朗,ガイムツロウ,GAIMUTSURO
135,甲斐信枝,ガイノブエ,GAINOBUE
136,学研プラス,ガッケンプラス,GAKKEMPURASU
137,元永定正,ゲンエイサダマサ,GENEISADAMASA
138,ゲオルグ・ハレンスレーベン,ゲオルグ・ハレンスレーベン,GEORUGU・HARENSUREBEN
139,五味太郎,ゴミタロウ,GOMITARO
140,ゴムドリco.,ゴムドリco.,GOMUDORICO.
141,後藤竜二,ゴトウリュウジ,GOTORYUJI
142,グリム兄弟,グリムキョウダイ,GURIMUKYODAI
143,グループ・コロンブス,グループ・コロンブス,GURUPU・KOROMBUSU
144,ぐるーぷアンモナイツ,グループアンモナイツ,GURUPUAMMONAITSU
145,グループコロンブス,グループコロンブス,GURUPUKOROMBUSU
146,蜂飼耳,ハチカイミミ,HACHIKAIMIMI
147,灰島かり,ハイジマカリ,HAIJIMAKARI
148,灰谷健次郎,ハイタニケンジロウ,HAITANIKENJIRO
149,浜田広介,ハマダヒロスケ,HAMADAHIROSUKE
150,浜田桂子,ハマダケイコ,HAMADAKEIKO
151,ハマダルコラ,ハマダルコラ,HAMADARUKORA
152,ハンス・マグヌス・エンツェンスベルガー,ハンス・マグヌス・エンツェンスベルガー,HANSU・MAGUNUSU・ENTSUENSUBERUGA
153,羽生善治,ハニュウゼンジ,HANYUZENJI
154,祓川学,ハライカワガク,HARAIKAWAGAKU
155,原ゆたか,ハラユタカ,HARAYUTAKA
156,原ゆたか,ハラユタカ,HARAYUTAKA
157,ハリエット・ビーチャー・ストウ,ハリエット・ビーチャー・ストウ,HARIETTO・BICHA・SUTO
158,長谷川彰,ハセガワアキラ,HASEGAWAAKIRA
159,長谷川法世,ハセガワホウセイ,HASEGAWAHOSEI
160,長谷川摂子,ハセガワセツコ,HASEGAWASETSUKO
161,長谷川集平,ハセガワシュウヘイ,HASEGAWASHUHEI
162,長谷川知子,ハセガワトモコ,HASEGAWATOMOKO
163,長谷川義史,ハセガワヨシフミ,HASEGAWAYOSHIFUMI
164,橋本治,ハシモトチ,HASHIMOTOCHI
165,橋本恵,ハシモトメグ,HASHIMOTOMEGU
166,橋爪香織,ハシヅメカオリ,HASHIZUMEKAORI
167,幡地英明,ハタジヒデアキ,HATAJIHIDEAKI
168,はたこうしろう,ハタコウシロウ,HATAKOSHIRO
169,早川純子,ハヤカワジュンコ,HAYAKAWAJUNKO
170,はやみねかおる,ハヤミネカオル,HAYAMINEKAORU
171,早野美智代,ハヤノミチヨ,HAYANOMICHIYO
172,平野昭,ヘイヤアキラ,HEIYAAKIRA
173,平野恵理子,ヘイヤエリコ,HEIYAERIKO
174,平野レミ,ヘイヤレミ,HEIYAREMI
175,日高敏隆,ヒダカトシタカ,HIDAKATOSHITAKA
176,左巻健男,ヒダリマキタケオ,HIDARIMAKITAKEO
177,ヒド・ファン・ヘネヒテン,ヒド・ファン・ヘネヒテン,HIDO・FUAN・HENEHITEN
178,東田大志,ヒガシダタイシ,HIGASHIDATAISHI
179,東君平,ヒガシキミヒラ,HIGASHIKIMIHIRA
180,東雅夫,ヒガシマサオ,HIGASHIMASAO
181,東直子,ヒガシナオコ,HIGASHINAOKO
182,東多江子,ヒガシタエコ,HIGASHITAEKO
183,比嘉富子,ヒガトミコ,HIGATOMIKO
184,樋口清之,ヒグチキヨシ,HIGUCHIKIYOSHI
185,ヒグチユウコ,ヒグチユウコ,HIGUCHIYUKO
186,日暮雅通,ヒグラシマサミチ,HIGURASHIMASAMICHI
187,柊あおい,ヒイラギアオイ,HIIRAGIAOI
188,ひきたよしあき,ヒキタヨシアキ,HIKITAYOSHIAKI
189,日向理恵子,ヒナタリエコ,HINATARIEKO
190,日野原重明,ヒノハラシゲアキ,HINOHARASHIGEAKI
191,ひらいたかこ,ヒライタカコ,HIRAITAKAKO
192,ひらのゆきこ,ヒラノユキコ,HIRANOYUKIKO
193,平田昌広,ヒラタマサヒロ,HIRATAMASAHIRO
194,平田昭吾,ヒラタショウゴ,HIRATASHOGO
195,平山英三,ヒラヤマエイゾウ,HIRAYAMAEIZO
196,平山和子,ヒラヤマワコ,HIRAYAMAWAKO
197,ひろかわさえこ,ヒロカワサエコ,HIROKAWASAEKO
198,広瀬弦,ヒロセゲン,HIROSEGEN
199,廣嶋玲子,ヒロシマレイコ,HIROSHIMAREIKO
200,洪在徹,ヒロシザイトオル,HIROSHIZAITORU
201,蛭海隆志,ヒルウミタカシ,HIRUMITAKASHI
202,ヒサクニヒコ,ヒサクニヒコ,HISAKUNIHIKO
203,菱木晃子,ヒシキアキラコ,HISHIKIAKIRAKO
204,穂高順也,ホダカジュンヤ,HODAKAJUNYA
205,本間正夫,ホンママサオ,HOMMAMASAO
206,本田有明,ホンダアリアケ,HONDAARIAKE
207,堀川理万子,ホリカワリマンコ,HORIKAWARIMANKO
208,堀ノ内雅一,ホリノウチマサイチ,HORINOCHIMASAICHI
209,星井博文,ホシイヒロフミ,HOSHIIHIROFUMI
210,星新一,ホシシンイチ,HOSHISHINICHI
211,細谷亮太,ホソヤリョウタ,HOSOYARYOTA
212,峯陽一,ホウヨウイチ,HOYOICHI
213,ヒュ−・ロフティング,ヒュ－・ロフティング,HYU－・ROFUTEINGU
214,茨木のり子,イバラキノリコ,IBARAKINORIKO
215,井伏鱒二,イブセマス,IBUSEMASU
216,市原淳,イチハラジュン,ICHIHARAJUN
217,出久根育,イデクネハグクミ,IDEKUNEHAGUKUMI
218,五十嵐大介,イガラシダイスケ,IGARASHIDAISUKE
219,飯間浩明,イイマヒロアキ,IIMAHIROAKI
220,飯野和好,イイノカズヨシ,IINOKAZUYOSHI
221,池田晶子,イケダアキコ,IKEDAAKIKO
222,池田香代子,イケダカヨコ,IKEDAKAYOKO
223,池田紅玉,イケダコウギョク,IKEDAKOGYOKU
224,池田まき子,イケダマキコ,IKEDAMAKIKO
225,池田奈々子,イケダナナコ,IKEDANANAKO
226,池上彰,イケガミアキラ,IKEGAMIAKIRA
227,池上俊一,イケガミシュンイチ,IKEGAMISHUNICHI
228,池谷裕二,イケタニユウジ,IKETANIYUJI
229,池内紀,イケウチオサム,IKEUCHIOSAMU
230,池内了,イケウチリョウ,IKEUCHIRYO
231,池澤夏樹,イケザワナツキ,IKEZAWANATSUKI
232,今江祥智,イマエヨシトモ,IMAEYOSHITOMO
233,今泉忠明,イマイズミタダアキ,IMAIZUMITADAAKI
234,今泉吉晴,イマイズミヨシハル,IMAIZUMIYOSHIHARU
235,今森光彦,イマモリテルヒコ,IMAMORITERUHIKO
236,今西祐行,イマニシヒロユキ,IMANISHIHIROYUKI
237,今西乃子,イマニシノリコ,IMANISHINORIKO
238,いもとようこ,イモトヨウコ,IMOTOYOKO
239,猪熊葉子,イノクマヨウコ,INOKUMAYOKO
240,井上憲雄,イノウエノリオ,INOUENORIO
241,井上雄彦,イノウエタケヒコ,INOUETAKEHIKO
242,井上洋介,イノウエヨウスケ,INOUEYOSUKE
243,いぬいとみこ,イヌイトミコ,INUITOMIKO
244,入江久絵,イリエヒサエ,IRIEHISAE
245,伊勢英子,イセエイコ,ISEIKO
246,いしばしなおこ,イシバシナオコ,ISHIBASHINAOKO
247,石倉ヒロユキ,イシグラヒロユキ,ISHIGURAHIROYUKI
248,石黒圭,イシグロケイ,ISHIGUROKEI
249,石原恒和,イシハラツネカズ,ISHIHARATSUNEKAZU
250,石井聖岳,イシイヒジリダケ,ISHIIHIJIRIDAKE
251,石井美樹子,イシイミキコ,ISHIIMIKIKO
252,石井桃子,イシイモモコ,ISHIIMOMOKO
253,いしいももこ,イシイモモコ,ISHIIMOMOKO
254,石井睦美,イシイムツミ,ISHIIMUTSUMI
255,石川憲二,イシカワケンジ,ISHIKAWAKENJI
256,いしかわこうじ,イシカワコウジ,ISHIKAWAKOJI
257,いしかわまりこ,イシカワマリコ,ISHIKAWAMARIKO
258,石川直樹,イシカワナオキ,ISHIKAWANAOKI
259,石ノ森章太郎,イシノモリショウタロウ,ISHINOMORISHOTARO
260,石崎洋司,イシザキヒロシ,ISHIZAKIHIROSHI
261,石津ちひろ,イシヅチヒロ,ISHIZUCHIHIRO
262,いしづちひろ,イシヅチヒロ,ISHIZUCHIHIRO
263,イソップ,イソップ,ISOPPU
264,板倉聖宣,イタグラキヨノブ,ITAGURAKIYONOBU
265,いとうひろし,イトウヒロシ,ITOHIROSHI
266,糸井重里,イトイシゲサト,ITOISHIGESATO
267,伊東美貴,イトウミキ,ITOMIKI
268,いとうみく,イトウミク,ITOMIKU
269,伊東信夫,イトウノブオ,ITONOBUO
270,井辻朱美,イツジアケミ,ITSUJIAKEMI
271,岩淵慶造,イワブチケイゾウ,IWABUCHIKEIZO
272,岩井俊雄,イワイトシオ,IWAITOSHIO
273,いわいとしお,イワイトシオ,IWAITOSHIO
274,いわむらかずお,イワムラカズオ,IWAMURAKAZUO
275,岩貞るみこ,イワサダルミコ,IWASADARUMIKO
276,岩崎ちひろ,イワサキチヒロ,IWASAKICHIHIRO
277,岩崎美奈子,イワサキミナコ,IWASAKIMINAKO
278,岩佐めぐみ,イワサメグミ,IWASAMEGUMI
279,伊豆平成,イズヘイセイ,IZUHEISEI
280,ジャック・デュケノワ,ジャック・デュケノワ,JAKKU・DEYUKENOWA
281,JamesMatthewBarrie,JamesMatthewBarrie,JAMESMATTHEWBARRIE
282,ジェフ・キニー,ジェフ・キニー,JIEFU・KINI
283,ジェズ・オールバラ,ジェズ・オールバラ,JIEZU・ORUBARA
284,ジーン・ジオン,ジーン・ジオン,JIN・JION
285,神宮輝夫,ジングウテルオ,JINGUTERUO
286,ジョン・バーニンガム,ジョン・バーニンガム,JON・BANINGAMU
287,ジョン・グリシャム,ジョン・グリシャム,JON・GURISHAMU
288,ジョナサンラングレー,ジョナサンラングレー,JONASANRANGURE
289,ジュール・ヴェルヌ,ジュール・ヴェルヌ,JURU・BUERUNU
290,住滝良,ジュウタキリョウ,JUTAKIRYO
291,角野栄子,カドノエイコ,KADONOEIKO
292,各務三郎,カガミサブロウ,KAGAMISABURO
293,香川元太郎,カガワゲンタロウ,KAGAWAGENTARO
294,かがわけいこ,カガワケイコ,KAGAWAKEIKO
295,陰山英男,カゲヤマヒデオ,KAGEYAMAHIDEO
296,神楽坂淳,カグラザカジュン,KAGURAZAKAJUN
297,貝田桃子,カイタモモコ,KAITAMOMOKO
298,梶山俊夫,カジヤマトシオ,KAJIYAMATOSHIO
299,掛川恭子,カケガワヤスコ,KAKEGAWAYASUKO
300,垣内磯子,カキウチイソゴ,KAKIUCHIISOGO
301,加古里子,カコサトゴ,KAKOSATOGO
302,かこさとし,カコサトシ,KAKOSATOSHI
303,角田光代,カクダミツヨ,KAKUDAMITSUYO
304,加来耕三,カクコウゾウ,KAKUKOZO
305,鎌田歩,カマタホ,KAMATAHO
306,亀井よし子,カメイヨシコ,KAMEIYOSHIKO
307,かみやしん,カミヤシン,KAMIYASHIN
308,金谷俊一郎,カナタニシュンイチロウ,KANATANISHUNICHIRO
309,苅田澄子,カンダスミコ,KANDASUMIKO
310,金原瑞人,カネハラハシト,KANEHARAHASHITO
311,金原瑞人,カネハラミズヒト,KANEHARAMIZUHITO
312,金政郁,カネマサイク,KANEMASAIKU
313,漢字塾太郎,カンジジュクタロウ,KANJIJUKUTARO
314,加納喜光,カノウヨシミツ,KANOYOSHIMITSU
315,神沢利子,カンザワリシ,KANZAWARISHI
316,神沢利子,カンザワトシコ,KANZAWATOSHIKO
317,唐沢則幸,カラサワノリユキ,KARASAWANORIYUKI
318,カール=ヨハン・エリーン,カール=ヨハン・エリーン,KARU=YOHAN・ERIN
319,カルロ・コッローディ,カルロ・コッローディ,KARURO・KORRODEI
320,笠原一男,カサハライチナン,KASAHARAICHINAN
321,かさいまり,カサイマリ,KASAIMARI
322,柏原晃夫,カシハラアキオ,KASHIHARAAKIO
323,柏葉幸子,カシワバサチコ,KASHIWABASACHIKO
324,かしわらあきお,カシワラアキオ,KASHIWARAAKIO
325,方軼羣,カタイツグン,KATAITSUGUN
326,片山令子,カタヤマレイコ,KATAYAMAREIKO
327,片山健,カタヤマスコヤカ,KATAYAMASUKOYAKA
328,加藤由子,カトウユウコ,KATOYUKO
329,勝川克志,カツカワカツシ,KATSUKAWAKATSUSHI
330,川端誠,カワバタマコト,KAWABATAMAKOTO
331,川口素生,カワグチスジョウ,KAWAGUCHISUJO
332,河合敦,カワイアツシ,KAWAIATSUSHI
333,河合隼雄,カワイハヤオ,KAWAIHAYAO
334,河合祥一郎,カワイショウイチロウ,KAWAISHOICHIRO
335,川村たかし,カワムラタカシ,KAWAMURATAKASHI
336,川西芙沙,カワニシフサ,KAWANISHIFUSA
337,川崎洋,カワサキヒロシ,KAWASAKIHIROSHI
338,川崎悟司,カワサキサトシ,KAWASAKISATOSHI
339,川崎洋,カワサキヨウ,KAWASAKIYO
340,川島隆太,カワシマリュウタ,KAWASHIMARYUTA
341,川嶋優,カワシマユウ,KAWASHIMAYU
342,川浦良枝,カワウラヨシエ,KAWAURAYOSHIE
343,香山美子,カヤマハルコ,KAYAMAHARUKO
344,萱野茂,カヤノシゲル,KAYANOSHIGERU
345,風間杜夫,カザマモリオ,KAZAMAMORIO
346,風野潮,カザノシオ,KAZANOSHIO
347,香月美夜,カヅキミヤ,KAZUKIMIYA
348,木島始,キジマハジメ,KIJIMAHAJIME
349,菊田まりこ,キクタマリコ,KIKUTAMARIKO
350,君島久子,キミシマヒサコ,KIMISHIMAHISAKO
351,木村裕一,キムラヒロカズ,KIMURAHIROKAZU
352,木村尚三郎,キムラショウサブロウ,KIMURASHOSABURO
353,木村草太,キムラソウタ,KIMURASOTA
354,木村泰子,キムラタイコ,KIMURATAIKO
355,木村義志,キムラヨシユキ,KIMURAYOSHIYUKI
356,きむらゆういち,キムラユウイチ,KIMURAYUICHI
357,木村由利子,キムラユリコ,KIMURAYURIKO
358,木下順二,キノシタジュンジ,KINOSHITAJUNJI
359,金子由美子,キンスユミコ,KINSUYUMIKO
360,金田一春彦,キンタイチハルヒコ,KINTAICHIHARUHIKO
361,金田一秀穂,キンタイチシュウホ,KINTAICHISHUHO
362,桐生操,キリュウミサオ,KIRYUMISAO
363,木坂涼,キサカリョウ,KISAKARYO
364,岸田衿子,キシダエリコ,KISHIDAERIKO
365,岸本斉史,キシモトヒトシ,KISHIMOTOHITOSHI
366,岸本斉史,キシモトマサシ,KISHIMOTOMASASHI
367,北川幸比古,キタガワサチヒコ,KITAGAWASACHIHIKO
368,北川達夫,キタガワタツオ,KITAGAWATATSUO
369,きたむらまさお,キタムラマサオ,KITAMURAMASAO
370,きたむらさとし,キタムラサトシ,KITAMURASATOSHI
371,北村雄一,キタムラユウイチ,KITAMURAYUICHI
372,北山葉子,キタヤマヨウコ,KITAYAMAYOKO
373,橘高弓枝,キッタカユミエ,KITTAKAYUMIE
374,きうちかつ,キウチカツ,KIUCHIKATSU
375,清川あさみ,キヨカワアサミ,KIYOKAWAASAMI
376,キヨノサチコ,キヨノサチコ,KIYONOSACHIKO
377,小林敢治郎,コバヤシアエジロウ,KOBAYASHIAEJIRO
378,小林賢太郎,コバヤシケンタロウ,KOBAYASHIKENTARO
379,小林清之介,コバヤシセイノスケ,KOBAYASHISEINOSUKE
380,小林深雪,コバヤシシンセツ,KOBAYASHISHINSETSU
381,高木敏子,コウボクトシコ,KOBOKUTOSHIKO
382,公文公,コウブンオオヤケ,KOBUNOYAKE
383,こだまともこ,コダマトモコ,KODAMATOMOKO
384,講談社,コウダンシャ,KODANSHA
385,小手鞠るい,コデマリルイ,KODEMARIRUI
386,古藤ゆず,コドウユズ,KODOYUZU
387,木暮正夫,コグレマサオ,KOGUREMASAO
388,小出正吾,コイデショウゴ,KOIDESHOGO
389,小池啓一,コイケケイイチ,KOIKEKEIICHI
390,小風さち,コカゼサチ,KOKAZESACHI
391,小久保英一郎,コクボエイイチロウ,KOKUBOEIICHIRO
392,駒田文子,コマダアヤコ,KOMADAAYAKO
393,小前亮,コマエスケ,KOMAESUKE
394,駒形克己,コマガタコッキ,KOMAGATAKOKKI
395,小松義夫,コマツヨシオ,KOMATSUYOSHIO
396,コマヤスカン,コマヤスカン,KOMAYASUKAN
397,小宮山みのり,コミヤマミノリ,KOMIYAMAMINORI
398,小宮輝之,コミヤテルユキ,KOMIYATERUYUKI
399,小森厚,コモリアツシ,KOMORIATSUSHI
400,小森香折,コモリカオリ,KOMORIKAORI
401,コナン・ドイル,コナン・ドイル,KONAN・DOIRU
402,近藤二郎,コンドウジロウ,KONDOJIRO
403,小西英子,コニシエイコ,KONISHIEIKO
404,こんのひとみ,コンノヒトミ,KONNOHITOMI
405,このみひかる,コノミヒカル,KONOMIHIKARU
406,高楼方子,コウロウマサコ,KOROMASAKO
407,コルネーリア・フンケ,コルネーリア・フンケ,KORUNERIA・FUNKE
408,高嶋喩,コウシマタトエ,KOSHIMATATOE
409,越水利江子,コシミズリエコ,KOSHIMIZURIEKO
410,こわせたまみ,コワセタマミ,KOWASETAMAMI
411,高山なおみ,コウザンナオミ,KOZANNAOMI
412,久保秀一,クボシュウイチ,KUBOSHUICHI
413,久保帯人,クボタイト,KUBOTAITO
414,久保田競,クボタセリ,KUBOTASERI
415,工藤直子,クドウナオコ,KUDONAOKO
416,工藤ノリコ,クドウノリコ,KUDONORIKO
417,クェンティン・ブレイク,クェンティン・ブレイク,KUENTEIN・BUREIKU
418,クイズ法人カプリティオ,クイズホウジンカプリティオ,KUIZUHOJINKAPURITEIO
419,熊谷さとし,クマガヤサトシ,KUMAGAYASATOSHI
420,くもん出版編集部,クモンシュッパンヘンシュウブ,KUMONSHUPPANHENSHUBU
421,久織ちまき,クオリチマキ,KUORICHIMAKI
422,倉橋燿子,クラハシヨウコ,KURAHASHIYOKO
423,椋本夏夜,クラモトカヤ,KURAMOTOKAYA
424,呉暁,クレアカツキ,KUREAKATSUKI
425,クレシッダ・コーウェル,クレシッダ・コーウェル,KURESHIDDA・KOERU
426,呉承恩,クレショウオン,KURESHOON
427,栗林慧,クリバヤシケイ,KURIBAYASHIKEI
428,栗原景,クリハラケイ,KURIHARAKEI
429,栗岩英雄,クリイワエイユウ,KURIIWAEIYU
430,栗栖カイ,クリスカイ,KURISUKAI
431,黒田研二,クロダケンジ,KURODAKENJI
432,黒井健,クロイケン,KUROIKEN
433,黒沢哲哉,クロサワテツヤ,KUROSAWATETSUYA
434,草場一壽,クサバヒサシ,KUSABAHISASHI
435,草野たき,クサノタキ,KUSANOTAKI
436,楠章子,クスアキコ,KUSUAKIKO
437,楠木誠一郎,クスノキセイイチロウ,KUSUNOKISEIICHIRO
438,キャロル・ヴォーダマン,キャロル・ヴォーダマン,KYARORU・BUODAMAN
439,キャサリン・ストー,キャサリン・ストー,KYASARIN・SUTO
440,京極夏彦,キョウゴクナツヒコ,KYOGOKUNATSUHIKO
441,曲亭馬琴,キョクテイバキン,KYOKUTEIBAKIN
442,洪在徹,キョウミツルトオル,KYOMITSURUTORU
443,キューライス,キューライス,KYURAISU
444,町田尚子,マチダショウコ,MACHIDASHOKO
445,間所ひさこ,マドコロヒサコ,MADOKOROHISAKO
446,まどみちお,マドミチオ,MADOMICHIO
447,前田まゆみ,マエダマユミ,MAEDAMAYUMI
448,前川かずお,マエカワカズオ,MAEKAWAKAZUO
449,マーガレット・レイ&ハンス・アウグス...,マーガレット・レイ&amp;ハンス・アウグス...,MAGARETTO・REI&AMP;HANSU・AUGUSU...
450,マーガレット・ワイズ・ブラウン,マーガレット・ワイズ・ブラウン,MAGARETTO・WAIZU・BURAUN
451,まはら三桃,マハラモモ,MAHARAMOMO
452,マイケル・ボンド,マイケル・ボンド,MAIKERU・BONDO
453,マーカス・フィスター,マーカス・フィスター,MAKASU・FUISUTA
454,牧村久実,マキムラクミ,MAKIMURAKUMI
455,マックス・ルケード,マックス・ルケード,MAKKUSU・RUKEDO
456,マーク・トウェイン,マーク・トウェイン,MAKU・TOEIN
457,マンロー・リーフ,マンロー・リーフ,MANRO・RIFU
458,丸山宗利,マルヤマムネトシ,MARUYAMAMUNETOSHI
459,マーシャ・ブラウン,マーシャ・ブラウン,MASHA・BURAUN
460,増井光子,マスイコウシ,MASUIKOSHI
461,松原秀行,マツバラヒデユキ,MATSUBARAHIDEYUKI
462,松田素子,マツダソシ,MATSUDASOSHI
463,松居直,マツイジキ,MATSUIJIKI
464,まついのりこ,マツイノリコ,MATSUINORIKO
465,松井るり子,マツイルリコ,MATSUIRURIKO
466,松井孝典,マツイタカノリ,MATSUITAKANORI
467,まつかわまゆみ,マツカワマユミ,MATSUKAWAMAYUMI
468,松香洋子,マツカヨウコ,MATSUKAYOKO
469,松本大洋,マツモトタイヨウ,MATSUMOTOTAIYO
470,松成真理子,マツナリマリコ,MATSUNARIMARIKO
471,松野正子,マツノマサコ,MATSUNOMASAKO
472,松岡享子,マツオカキョウコ,MATSUOKAKYOKO
473,松岡達英,マツオカタツヒデ,MATSUOKATATSUHIDE
474,松浦公紀,マツウラキミノリ,MATSURAKIMINORI
475,松谷みよ子,マツタニミヨコ,MATSUTANIMIYOKO
476,メアリー・ノートン,メアリー・ノートン,MEARI・NOTON
477,メアリー・ポープ・オズボーン,メアリー・ポープ・オズボーン,MEARI・POPU・OZUBON
478,ミヒャエル・エンデ,ミヒャエル・エンデ,MIHYAERU・ENDE
479,三木卓,ミキタク,MIKITAKU
480,南川高志,ミナガワコウシ,MINAGAWAKOSHI
481,南本史,ミナミモトシ,MINAMIMOTOSHI
482,南洋一郎,ミナミヨウイチロウ,MINAMIYOICHIRO
483,嶺重慎,ミネシゲシン,MINESHIGESHIN
484,三田誠広,ミタマサヒロ,MITAMASAHIRO
485,三田村信行,ミタムラノブユキ,MITAMURANOBUYUKI
486,三田村信行,ミタムラシギョウ,MITAMURASHIGYO
487,三浦太郎,ミウラタロウ,MIURATARO
488,宮川ひろ,ミヤガワヒロ,MIYAGAWAHIRO
489,宮本えつよし,ミヤモトエツヨシ,MIYAMOTOETSUYOSHI
490,宮本哲也,ミヤモトテツヤ,MIYAMOTOTETSUYA
491,宮西達也,ミヤニシタツヤ,MIYANISHITATSUYA
492,宮坂宏美,ミヤサカヒロミ,MIYASAKAHIROMI
493,宮下恵茉,ミヤシタエマ,MIYASHITAEMA
494,宮下久夫,ミヤシタヒサオ,MIYASHITAHISAO
495,宮下すずか,ミヤシタスズカ,MIYASHITASUZUKA
496,みやざきひろかず,ミヤザキヒロカズ,MIYAZAKIHIROKAZU
497,宮崎駿,ミヤザキシュン,MIYAZAKISHUN
498,宮沢賢治,ミヤザワケンジ,MIYAZAWAKENJI
499,水木しげる,ミズキシゲル,MIZUKISHIGERU
500,水越保,ミズコシタモツ,MIZUKOSHITAMOTSU
501,もきかずこ,モキカズコ,MOKIKAZUKO
502,森枝卓士,モリエタカシ,MORIETAKASHI
503,森絵都,モリエツ,MORIETSU
504,森はるな,モリハルナ,MORIHARUNA
505,森比左志,モリヒサシ,MORIHISASHI
506,もりひさし,モリヒサシ,MORIHISASHI
507,モーリス・ルブラン,モーリス・ルブラン,MORISU・RUBURAN
508,森達也,モリタツヤ,MORITATSUYA
509,森田ゆり,モリタユリ,MORITAYURI
510,森山京,モリヤマキョウ,MORIYAMAKYO
511,本信公久,モトノブキミヒサ,MOTONOBUKIMIHISA
512,迎夏生,ムカエナツオ,MUKAENATSUO
513,向井湘吾,ムカイショウワレ,MUKAISHOWARE
514,椋鳩十,ムクハトジュウ,MUKUHATOJU
515,宗田理,ムネタリ,MUNETARI
516,村上春樹,ムラカミハルキ,MURAKAMIHARUKI
517,村上龍,ムラカミリュウ,MURAKAMIRYU
518,村上勉,ムラカミツトム,MURAKAMITSUTOMU
519,村上康成,ムラカミヤスナリ,MURAKAMIYASUNARI
520,村上豊,ムラカミユタカ,MURAKAMIYUTAKA
521,村岡花子,ムラオカハナコ,MURAOKAHANAKO
522,紫式部,ムラサキシキブ,MURASAKISHIKIBU
523,村山桂子,ムラヤマケイコ,MURAYAMAKEIKO
524,村山早紀,ムラヤマサキ,MURAYAMASAKI
525,村山知義,ムラヤマトモヨシ,MURAYAMATOMOYOSHI
526,室井滋,ムロイシゲシ,MUROISHIGESHI
527,なばたとしたか,ナバタトシタカ,NABATATOSHITAKA
528,永原慶二,ナガハラケイジ,NAGAHARAKEIJI
529,長倉洋海,ナガクラヒロミ,NAGAKURAHIROMI
530,長野ヒデ子,ナガノヒデコ,NAGANOHIDEKO
531,長崎訓子,ナガサキクニコ,NAGASAKIKUNIKO
532,長田弘,ナガタヒロメ,NAGATAHIROME
533,なぎともこ,ナギトモコ,NAGITOMOKO
534,名越康文,ナゴシヤスフミ,NAGOSHIYASUFUMI
535,なかえよしを,ナカエヨシヲ,NAKAEYOSHIO
536,なかがわちひろ,ナカガワチヒロ,NAKAGAWACHIHIRO
537,中川ひろたか,ナカガワヒロタカ,NAKAGAWAHIROTAKA
538,仲川道子,ナカガワミチコ,NAKAGAWAMICHIKO
539,中川李枝子,ナカガワリエコ,NAKAGAWARIEKO
540,中川千尋,ナカガワセンジン,NAKAGAWASENJIN
541,中島健志,ナカジマタケシ,NAKAJIMATAKESHI
542,中村悦子,ナカムラエツコ,NAKAMURAETSUKO
543,中村牧江,ナカムラマキエ,NAKAMURAMAKIE
544,中村庸夫,ナカムラツネオ,NAKAMURATSUNEO
545,中野好夫,ナカノヨシオ,NAKANOYOSHIO
546,中山千夏,ナカヤマチナツ,NAKAYAMACHINATSU
547,中山知子,ナカヤマトモコ,NAKAYAMATOMOKO
548,南房秀久,ナンボウヒデヒサ,NAMBOHIDEHISA
549,南部和也,ナンブカズヤ,NAMBUKAZUYA
550,並木伸一郎,ナミキシンイチロウ,NAMIKISHINICHIRO
551,成田サトコ,ナリタサトコ,NARITASATOKO
552,なりゆきわかこ,ナリユキワカコ,NARIYUKIWAKAKO
553,成島悦雄,ナルシマエツオ,NARUSHIMAETSUO
554,梨木香歩,ナシキカホ,NASHIKIKAHO
555,梨屋アリエ,ナシヤアリエ,NASHIYAARIE
556,那須田淳,ナスダジュン,NASUDAJUN
557,那須正幹,ナスマサミキ,NASUMASAMIKI
558,那須正幹,ナスマサモト,NASUMASAMOTO
559,夏目漱石,ナツメソウセキ,NATSUMESOSEKI
560,一日一種,ニチイッシュ,NICHIISSHU
561,日能研,ニチノウケン,NICHINOKEN
562,日能研教務部,ニチノウケンキョウムブ,NICHINOKENKYOMUBU
563,新美南吉,ニイミナンキチ,NIIMINANKICHI
564,二階堂黎人,ニカイドウレイト,NIKAIDOREITO
565,西平あかね,ニシヒラアカネ,NISHIHIRAAKANE
566,西加奈子,ニシカナコ,NISHIKANAKO
567,西川おさむ,ニシカワオサム,NISHIKAWAOSAMU
568,西本鶏介,ニシモトケイスケ,NISHIMOTOKEISUKE
569,にしむらあつこ,ニシムラアツコ,NISHIMURAATSUKO
570,西村敏雄,ニシムラトシオ,NISHIMURATOSHIO
571,西村和子,ニシムラワコ,NISHIMURAWAKO
572,にしのあきひろ,ニシノアキヒロ,NISHINOAKIHIRO
573,西内ミナミ,ニシウチミナミ,NISHIUCHIMINAMI
574,のぶみ,ノブミ,NOBUMI
575,野坂昭如,ノサカアキユキ,NOSAKAAKIYUKI
576,野坂悦子,ノザカエツコ,NOZAKAETSUKO
577,ぬまがさワタリ,ヌマガサワタリ,NUMAGASAWATARI
578,オ・ヘンリー,オ・ヘンリー,O・HENRI
579,小畠郁生,オバタイクオ,OBATAIKUO
580,小畑健,オバタタケシ,OBATATAKESHI
581,落合恵子,オチアイケイコ,OCHIAIKEIKO
582,越智典子,オチノリコ,OCHINORIKO
583,尾田栄一郎,オダエイイチロウ,ODAEIICHIRO
584,小田島雄志,オダジマユウシ,ODAJIMAYUSHI
585,小賀野実,オガノミノル,OGANOMINORU
586,小川仁央,オガワジンオウ,OGAWAJINO
587,小川未明,オガワミメイ,OGAWAMIMEI
588,小川環樹,オガワタマキ,OGAWATAMAKI
589,小川陽子,オガワヨウシ,OGAWAYOSHI
590,尾木直樹,オギナオキ,OGINAOKI
591,及川賢治,オイカワケンジ,OIKAWAKENJI
592,大石学,オオイシガク,OISHIGAKU
593,岡部冬彦,オカベフユヒコ,OKABEFUYUHIKO
594,おかべりか,オカベリカ,OKABERIKA
595,岡田晴恵,オカダハルエ,OKADAHARUE
596,岡田比呂実,オカダヒロジツ,OKADAHIROJITSU
597,岡田淳,オカダジュン,OKADAJUN
598,岡田好恵,オカダヨシエ,OKADAYOSHIE
599,岡島秀治,オカジマシュウジ,OKAJIMASHUJI
600,岡本浜江,オカモトハマエ,OKAMOTOHAMAE
601,岡本颯子,オカモトサツコ,OKAMOTOSATSUKO
602,岡村定矩,オカムラサダノリ,OKAMURASADANORI
603,岡信子,オカシンコ,OKASHINKO
604,丘修三,オカシュウゾウ,OKASHUZO
605,丘沢静也,オカザワシズヤ,OKAZAWASHIZUYA
606,奥田継夫,オクダツグオ,OKUDATSUGUO
607,おくはらゆめ,オクハラユメ,OKUHARAYUME
608,奥本大三郎,オクモトダイサブロウ,OKUMOTODAISABURO
609,奥谷喬司,オクタニタカシ,OKUTANITAKASHI
610,大森裕子,オオモリユウコ,OMORIYUKO
611,おーなり由子,オーナリユウコ,ONARIYUKO
612,恩田陸,オンダリク,ONDARIKU
613,大野正人,オオノマサト,ONOMASATO
614,大野敏哉,オオノトシヤ,ONOTOSHIYA
615,大岡信,オオオカシン,OOKASHIN
616,長嶋清,オサジマキヨシ,OSAJIMAKIYOSHI
617,大崎悌造,オオサキテイゾウ,OSAKITEIZO
618,大島妙子,オオシマタエコ,OSHIMATAEKO
619,オスカー・ワイルド,オスカー・ワイルド,OSUKA・WAIRUDO
620,太田大八,オオタダイハチ,OTADAIHACHI
621,太田大八,オオタオオハチ,OTAOHACHI
622,オトフリート・プロイスラー,オトフリート・プロイスラー,OTOFURITO・PUROISURA
623,大友康夫,オオトモヤスオ,OTOMOYASUO
624,おおともやすお,オオトモヤスオ,OTOMOYASUO
625,大塚勇三,オオツカユウゾウ,OTSUKAYUZO
626,小和田哲男,オワダテツオ,OWADATETSUO
627,大谷じろう,オオヤジロウ,OYAJIRO
628,大谷和利,オオヤカズトシ,OYAKAZUTOSHI
629,親野智可等,オヤノチカラ,OYANOCHIKARA
630,小沢章友,オザワアキトモ,OZAWAAKITOMO
631,ピーター・メイル,ピーター・メイル,PITA・MEIRU
632,ピ−タ−・メイル,ピ－タ－・メイル,PI－TA－・MEIRU
633,ポ−ル・フライシュマン,ポ－ル・フライシュマン,PO－RU・FURAISHUMAN
634,ライブエンタープライズ,ライブエンタープライズ,RAIBUENTAPURAIZU
635,ライマン・フランク・ボーム,ライマン・フランク・ボーム,RAIMAN・FURANKU・BOMU
636,ラッセル・ホーバン,ラッセル・ホーバン,RASSERU・HOBAN
637,レベルファイブ,レベルファイブ,REBERUFUAIBU
638,レフ・トルストイ,レフ・トルストイ,REFU・TORUSUTOI
639,レイフ・クリスチャンソン,レイフ・クリスチャンソン,REIFU・KURISUCHANSON
640,令丈ヒロ子,レイジョウヒロコ,REIJOHIROKO
641,レイモンド・ブリッグズ,レイモンド・ブリッグズ,REIMONDO・BURIGGUZU
642,レオ・レオニ,レオ・レオニ,REO・REONI
643,理科教育研究会,リカキョウイクケンキュウカイ,RIKAKYOIKUKENKYUKAI
644,リック・リオーダン,リック・リオーダン,RIKKU・RIODAN
645,林明子,リンアキコ,RINAKIKO
646,林健造,リンケンゾウ,RINKENZO
647,ロアルド・ダール,ロアルド・ダール,ROARUDO・DARU
648,ロバートサブダ,ロバートサブダ,ROBATOSABUDA
649,ローズマリ・サトクリフ,ローズマリ・サトクリフ,ROZUMARI・SATOKURIFU
650,ルイスキャロル,ルイスキャロル,RUISUKYARORU
651,ルイザ・メイ・オルコット,ルイザ・メイ・オルコット,RUIZA・MEI・ORUKOTTO
652,るるてあ,ルルテア,RURUTEA
653,ルーシー・ホーキング,ルーシー・ホーキング,RUSHI・HOKINGU
654,ルーシー・カズンズ,ルーシー・カズンズ,RUSHI・KAZUNZU
655,ル−シ−・カズンズ,ル－シ－・カズンズ,RU－SHI－・KAZUNZU
656,ルース・ボーンスタイン,ルース・ボーンスタイン,RUSU・BONSUTAIN
657,ルース・エインズワース,ルース・エインズワース,RUSU・EINZUWASU
658,嵯峨静江,サガシズエ,SAGASHIZUE
659,最上一平,サイジョウイッペイ,SAIJOIPPEI
660,佐伯紀美子,サイキキミコ,SAIKIKIMIKO
661,斎藤惇夫,サイトウアツオ,SAITOATSUO
662,斉藤洋,サイトウヒロシ,SAITOHIROSHI
663,斉藤倫,サイトウヒトシ,SAITOHITOSHI
664,齋藤孝,サイトウコウ,SAITOKO
665,崔徳煕,サイトクヒロシ,SAITOKUHIROSHI
666,斎藤隆介,サイトウリュウスケ,SAITORYUSUKE
667,さいとうしのぶ,サイトウシノブ,SAITOSHINOBU
668,斎藤妙子,サイトウタエコ,SAITOTAEKO
669,斉藤洋,サイトウヨウ,SAITOYO
670,酒井駒子,サカイコマコ,SAKAIKOMAKO
671,さかいさちえ,サカイサチエ,SAKAISACHIE
672,坂井建雄,サカイタテオ,SAKAITATEO
673,榊原洋一,サカキバラヒロカズ,SAKAKIBARAHIROKAZU
674,さかなクン,サカナクン,SAKANAKUN
675,酒寄進一,サカヨリシンイチ,SAKAYORISHINICHI
676,さかざきちはる,サカザキチハル,SAKAZAKICHIHARU
677,さこももみ,サコモモミ,SAKOMOMOMI
678,左近蘭子,サコンランコ,SAKONRANKO
679,さくまゆみこ,サクマユミコ,SAKUMAYUMIKO
680,桜井弘,サクライヒロメ,SAKURAIHIROME
681,桜井信夫,サクライシノブ,SAKURAISHINOBU
682,桜井進,サクライススミ,SAKURAISUSUMI
683,さくらももこ,サクラモモコ,SAKURAMOMOKO
684,佐倉統,サクラムネ,SAKURAMUNE
685,さくらともこ,サクラトモコ,SAKURATOMOKO
686,三辺律子,サンベリツコ,SAMBERITSUKO
687,山中恒,サンチュウツネ,SANCHUTSUNE
688,佐野洋子,サノヨウコ,SANOYOKO
689,山村浩二,サンソンコウジ,SANSONKOJI
690,讃岐美智義,サヌキヨシミトモノリ,SANUKIYOSHIMITOMONORI
691,サピックス小学部,サピックスショウガクブ,SAPIKKUSUSHOGAKUBU
692,佐々木マキ,ササキマキ,SASAKIMAKI
693,佐々木健,ササキスコヤカ,SASAKISUKOYAKA
694,佐々木たづ,ササキタヅ,SASAKITAZU
695,佐々木田鶴子,ササキタズコ,SASAKITAZUKO
696,ささめやゆき,ササメヤユキ,SASAMEYAYUKI
697,笹沼香,ササヌマコウ,SASANUMAKO
698,流石景,サスガケイ,SASUGAKEI
699,佐竹美保,サタケミホ,SATAKEMIHO
700,佐藤勝彦,サトウカツヒコ,SATOKATSUHIKO
701,佐藤真紀子,サトウマキコ,SATOMAKIKO
702,さとうまきこ,サトウマキコ,SATOMAKIKO
703,佐藤雅彦,サトウマサヒコ,SATOMASAHIKO
704,里中満智子,サトナカマチコ,SATONAKAMACHIKO
705,佐藤さとる,サトウサトル,SATOSATORU
706,サトシン,サトシン,SATOSHIN
707,佐藤剛史,サトウタケシ,SATOTAKESHI
708,さとうち藍,サトウチアイ,SATOUCHIAI
709,さとうわきこ,サトウワキコ,SATOWAKIKO
710,佐藤義美,サトウヨシミ,SATOYOSHIMI
711,さつきねむ,サツキネム,SATSUKINEMU
712,沢田俊子,サワダトシコ,SAWADATOSHIKO
713,佐原真,サワラシン,SAWARASHIN
714,清少納言,セイショウナゴン,SEISHONAGON
715,青山南,セイザンミナミ,SEIZAMMINAMI
716,青山剛昌,セイザンゴウショウ,SEIZANGOSHO
717,世界文化社,セカイブンカシャ,SEKAIBUNKASHA
718,関根健一,セキネケンイチ,SEKINEKENICHI
719,せなけいこ,セナケイコ,SENAKEIKO
720,瀬田貞二,セタテイジ,SETATEIJI
721,柴田愛子,シバタイトシゴ,SHIBATAITOSHIGO
722,芝田勝茂,シバタカツモ,SHIBATAKATSUMO
723,柴田元幸,シバタモトユキ,SHIBATAMOTOYUKI
724,シェル・シルヴァスタイン,シェル・シルヴァスタイン,SHIERU・SHIRUBUASUTAIN
725,茂市久美子,シゲイチクミコ,SHIGEICHIKUMIKO
726,重松清,シゲマツキヨシ,SHIGEMATSUKIYOSHI
727,シゲタサヤカ,シゲタサヤカ,SHIGETASAYAKA
728,椎名軽穂,シイナカルホ,SHIINAKARUHO
729,椎名優,シイナユウ,SHIINAYU
730,視覚デザイン研究所,シカクデザインケンキュウジョ,SHIKAKUDEZAINKENKYUJO
731,しまだともみ,シマダトモミ,SHIMADATOMOMI
732,島田ゆか,シマダユカ,SHIMADAYUKA
733,島村英紀,シマムラヒデノリ,SHIMAMURAHIDENORI
734,しみずだいすけ,シミズダイスケ,SHIMIZUDAISUKE
735,清水勝,シミズカチ,SHIMIZUKACHI
736,清水真砂子,シミズマサコ,SHIMIZUMASAKO
737,清水奈緒子,シミズナオコ,SHIMIZUNAOKO
738,下川香苗,シモカワカナエ,SHIMOKAWAKANAE
739,下村昇,シモムラノボル,SHIMOMURANOBORU
740,真珠まりこ,シンジュマリコ,SHINJUMARIKO
741,篠原菊紀,シノハラキクノリ,SHINOHARAKIKUNORI
742,篠崎五六,シノザキ,SHINOZAKI
743,篠塚かをり,シノヅカカヲリ,SHINOZUKAKAORI
744,"シンスケ,ヨシタケ","シンスケ,ヨシタケ","SHINSUKE,YOSHITAKE"
745,新宅広二,シンタクコウジ,SHINTAKUKOJI
746,新沢としひこ,シンザワトシヒコ,SHINZAWATOSHIHIKO
747,白輪剛史,シラワタケシ,SHIRAWATAKESHI
748,白岩等,シロイワナド,SHIROIWANADO
749,設楽博己,シタラヒロシ,SHITARAHIROSHI
750,小学館,ショウガクカン,SHOGAKUKAN
751,小学教育研究会,ショウガクキョウイクケンキュウカイ,SHOGAKUKYOIKUKENKYUKAI
752,庄野ナホコ,ショウノナホコ,SHONONAHOKO
753,首藤剛志,シュドウゴウシ,SHUDOGOSHI
754,集英社,シュウエイシャ,SHUEISHA
755,主婦の友社,シュフノトモシャ,SHUFUNOTOMOSHA
756,"シュテーブナー,タニヤ","シュテーブナー,タニヤ","SHUTEBUNA,TANIYA"
757,そにしけんじ,ソニシケンジ,SONISHIKENJI
758,園田英樹,ソノダヒデキ,SONODAHIDEKI
759,征矢清,ソヤキヨシ,SOYAKIYOSHI
760,末吉暁子,スエキチアキコ,SUEKICHIAKIKO
761,末松氷海子,スエマツヒウミコ,SUEMATSUHIUMIKO
762,末盛千枝子,スエモリチエコ,SUEMORICHIEKO
763,末崎茂樹,スエサキシゲキ,SUESAKISHIGEKI
764,末吉暁子,スエヨシアキコ,SUEYOSHIAKIKO
765,須賀敦子,スガアツコ,SUGAATSUKO
766,杉原厚吉,スギハラコウキチ,SUGIHARAKOKICHI
767,杉田比呂美,スギタヒロミ,SUGITAHIROMI
768,すぎたとおる,スギタトオル,SUGITATORU
769,杉山亮,スギヤマスケ,SUGIYAMASUKE
770,角野栄子,スミノエイコ,SUMINOEIKO
771,砂田弘,スナダヒロメ,SUNADAHIROME
772,スタジオタッククリエイティブ,スタジオタッククリエイティブ,SUTAJIOTAKKUKURIEITEIBU
773,ステファニーメイヤー,ステファニーメイヤー,SUTEFUANIMEIYA
774,すとうあさえ,ストウアサエ,SUTOASAE
775,スズキ・コージ,スズキ・コージ,SUZUKI・KOJI
776,鈴木悦夫,スズキエツオ,SUZUKIETSUO
777,鈴木まもる,スズキマモル,SUZUKIMAMORU
778,鈴木のりたけ,スズキノリタケ,SUZUKINORITAKE
779,鈴木義治,スズキヨシハル,SUZUKIYOSHIHARU
780,鈴木ユリイカ,スズキユリイカ,SUZUKIYURIIKA
781,橘もも,タチバナモモ,TACHIBANAMOMO
782,立原えりか,タチハラエリカ,TACHIHARAERIKA
783,たちもとみちこ,タチモトミチコ,TACHIMOTOMICHIKO
784,多田ヒロシ,タダヒロシ,TADAHIROSHI
785,田口奈津子,タグチナツコ,TAGUCHINATSUKO
786,田畑精一,タハタセイイチ,TAHATASEIICHI
787,田近洵一,タヂカジュンイチ,TAJIKAJUNICHI
788,田島征三,タジマセイゾウ,TAJIMASEIZO
789,高田勲,タカダイサオ,TAKADAISAO
790,高田靖彦,タカダヤスヒコ,TAKADAYASUHIKO
791,高濱正伸,タカハママサノブ,TAKAHAMAMASANOBU
792,高橋和希,タカハシカズキ,TAKAHASHIKAZUKI
793,高橋留美子,タカハシルミコ,TAKAHASHIRUMIKO
794,高橋信也,タカハシシンヤ,TAKAHASHISHINYA
795,高橋智隆,タカハシトモタカ,TAKAHASHITOMOTAKA
796,高橋透,タカハシトオル,TAKAHASHITORU
797,高橋陽一,タカハシヨウイチ,TAKAHASHIYOICHI
798,高橋由為子,タカハシユイタメコ,TAKAHASHIYUITAMEKO
799,高畠那生,タカハタダナマ,TAKAHATADANAMA
800,高畠純,タカハタスミ,TAKAHATASUMI
801,たかいよしかず,タカイヨシカズ,TAKAIYOSHIKAZU
802,河村貴光,タカミツカワムラ,TAKAMITSUKAWAMURA 
803,高野文子,タカノアヤコ,TAKANOAYAKO
804,高野登,タカノノボル,TAKANONOBORU
805,高野紀子,タカノノリコ,TAKANONORIKO
806,嵩瀬ひろし,タカセヒロシ,TAKASEHIROSHI
807,高瀬美恵,タカセミエ,TAKASEMIE
808,高杉一郎,タカスギイチロウ,TAKASUGIICHIRO
809,たかてらかよ,タカテラカヨ,TAKATERAKAYO
810,高取しづか,タカトリシヅカ,TAKATORISHIZUKA
811,竹林亜紀,タケバヤシアキ,TAKEBAYASHIAKI
812,武部本一郎,タケベモトイチロウ,TAKEBEMOTOICHIRO
813,武田美穂,タケダミホ,TAKEDAMIHO
814,竹井史郎,タケイシロウ,TAKEISHIRO
815,武光誠,タケミツマコト,TAKEMITSUMAKOTO
816,竹下文子,タケシタアヤコ,TAKESHITAAYAKO
817,竹内均,タケウチヒトシ,TAKEUCHIHITOSHI
818,竹内薫,タケウチカオル,TAKEUCHIKAORU
819,武内直子,タケウチナオコ,TAKEUCHINAOKO
820,竹山美奈子,タケヤマミナコ,TAKEYAMAMINAKO
821,滝乃みわこ,タキオサムミワコ,TAKIOSAMUMIWAKO
822,玉井邦夫,タマイクニオ,TAMAIKUNIO
823,田村隆一,タムラリュウイチ,TAMURARYUICHI
824,たむらしげる,タムラシゲル,TAMURASHIGERU
825,田村義進,タムラタダシススミ,TAMURATADASHISUSUMI
826,田中亜希子,タナカアキコ,TANAKAAKIKO
827,田中彰,タナカアキラ,TANAKAAKIRA
828,田中博史,タナカヒロナカ,TANAKAHIRONAKA
829,田中博之,タナカヒロユキ,TANAKAHIROYUKI
830,田中明,タナカメイ,TANAKAMEI
831,田中千尋,タナカセンジン,TANAKASENJIN
832,田中豊美,タナカトヨミ,TANAKATOYOMI
833,谷川俊太郎,タニガワシュンタロウ,TANIGAWASHUNTARO
834,谷口あさみ,タニグチアサミ,TANIGUCHIASAMI
835,谷口智則,タニグチトシノリ,TANIGUCHITOSHINORI
836,谷口由美子,タニグチユミコ,TANIGUCHIYUMIKO
837,谷内こうた,タニウチコウタ,TANIUCHIKOTA
838,タニヤ・シュテーブナー,タニヤ・シュテーブナー,TANIYA・SHUTEBUNA
839,垂石真子,タルイシマサコ,TARUISHIMASAKO
840,たしろちさと,タシロチサト,TASHIROCHISATO
841,田内志文,タウチシモン,TAUCHISHIMON
842,手島悠介,テジマユウスケ,TEJIMAYUSUKE
843,寺村輝夫,テラムラテルオ,TERAMURATERUO
844,寺西恵里子,テラニシエリコ,TERANISHIERIKO
845,てづかあけみ,テヅカアケミ,TEZUKAAKEMI
846,トーベ・ヤンソン,トーベ・ヤンソン,TOBE・YANSON
847,藤堂明保,トウドウアキヤス,TODOAKIYASU
848,東映アニメーション,トウエイアニメーション,TOEIANIMESHON
849,冨樫義博,トガシヨシヒロ,TOGASHIYOSHIHIRO
850,時田昌瑞,トキタショウズイ,TOKITASHOZUI
851,時海結以,トキウミユイ,TOKIUMIYUI
852,得田之久,トクダユキヒサ,TOKUDAYUKIHISA
853,富安陽子,トミヤスヨウシ,TOMIYASUYOSHI
854,友永たろ,トモナガタロ,TOMONAGATARO
855,鳥飼玖美子,トリカイクミコ,TORIKAIKUMIKO
856,鳥山明,トリヤマアキラ,TORIYAMAAKIRA
857,トロル,トロル,TORORU
858,トルストイ,トルストイ,TORUSUTOI
859,藤嶋昭,トウシマアキラ,TOSHIMAAKIRA
860,豊島与志雄,トシマヨシオ,TOSHIMAYOSHIO
861,遠山啓,トオヤマケイ,TOYAMAKEI
862,富山和子,トヤマワコ,TOYAMAWAKO
863,とよたかずひこ,トヨタカズヒコ,TOYOTAKAZUHIKO
864,豊田巧,トヨタタクミ,TOYOTATAKUMI
865,つぼいこう,ツボイコウ,TSUBOIKO
866,壷井栄,ツボイサカエ,TSUBOISAKAE
867,つちだのぶこ,ツチダノブコ,TSUCHIDANOBUKO
868,土田義晴,ツチダヨシハル,TSUCHIDAYOSHIHARU
869,土門トキオ,ツチカドトキオ,TSUCHIKADOTOKIO
870,土屋富士夫,ツチヤフジオ,TSUCHIYAFUJIO
871,土屋健,ツチヤスコヤカ,TSUCHIYASUKOYAKA
872,津田光郎,ツダミツオ,TSUDAMITSUO
873,辻村深月,ツジムラミズキ,TSUJIMURAMIZUKI
874,塚本やすし,ツカモトヤスシ,TSUKAMOTOYASUSHI
875,司修,ツカサオサム,TSUKASAOSAMU
876,鶴見正夫,ツルミマサオ,TSURUMIMASAO
877,筒井康隆,ツツイヤスタカ,TSUTSUIYASUTAKA
878,内田美智子,ウチダミチコ,UCHIDAMICHIKO
879,内田麟太郎,ウチダリンタロウ,UCHIDARINTARO
880,内田莉莎子,ウチダリサコ,UCHIDARISAKO
881,内山晟,ウチヤマアキラ,UCHIYAMAAKIRA
882,上田真而子,ウエダマニコ,UEDAMANIKO
883,上田るみ子,ウエダルミコ,UEDARUMIKO
884,植垣歩子,ウエガキアユミコ,UEGAKIAYUMIKO
885,植垣一彦,ウエガキカズヒコ,UEGAKIKAZUHIKO
886,上橋菜穂子,ウエハシナオコ,UEHASHINAOKO
887,上野紀子,ウエノノリコ,UENONORIKO
888,ウィリアム・スタイグ,ウィリアム・スタイグ,UIRIAMU・SUTAIGU
889,ウィルバート・オードリー,ウィルバート・オードリー,UIRUBATO・ODORI
890,梅田みか,ウメダミカ,UMEDAMIKA
891,梅田俊作,ウメダシュンサク,UMEDASHUNSAKU
892,海野和男,ウミノカズオ,UMINOKAZUO
893,ウォルタ−・ウィック,ウォルタ－・ウィック,UORUTA－・UIKKU
894,UrsulaK.LeGuin,UrsulaK.LeGuin,URSULAK.LEGUIN
895,臼井儀人,ウスイヨシト,USUIYOSHITO
896,羅貫中,ウスモノカンチュウ,USUMONOKANCHU
897,わだことみ,ワダコトミ,WADAKOTOMI
898,和田誠,ワダマコト,WADAMAKOTO
899,和歌山静子,ワカヤマシズコ,WAKAYAMASHIZUKO
900,涌井学,ワクイガク,WAKUIGAKU
901,わらべきみか,ワラベキミカ,WARABEKIMIKA
902,わたなべあや,ワタナベアヤ,WATANABEAYA
903,わたなべちなつ,ワタナベチナツ,WATANABECHINATSU
904,渡部潤一,ワタナベジュンイチ,WATANABEJUNICHI
905,渡辺直樹,ワタナベナオキ,WATANABENAOKI
906,渡辺南都子,ワタナベナツコ,WATANABENATSUKO
907,渡辺茂男,ワタナベシゲオ,WATANABESHIGEO
908,渡辺有一,ワタナベユウイチ,WATANABEYUICHI
909,わたりむつこ,ワタリムツコ,WATARIMUTSUKO
910,矢玉四郎,ヤダマシロウ,YADAMASHIRO
911,矢川澄子,ヤガワスミコ,YAGAWASUMIKO
912,矢口高雄,ヤグチタカオ,YAGUCHITAKAO
913,柳生弦一郎,ヤギュウゲンイチロウ,YAGYUGENICHIRO
914,山田章博,ヤマダアキヒロ,YAMADAAKIHIRO
915,山田真,ヤマダシン,YAMADASHIN
916,山形明美,ヤマガタメイビ,YAMAGATAMEIBI
917,山口文生,ヤマグチフミオ,YAMAGUCHIFUMIO
918,山口真,ヤマグチシン,YAMAGUCHISHIN
919,山川亜希子,ヤマカワアキコ,YAMAKAWAAKIKO
920,山川紘矢,ヤマカワコウヤ,YAMAKAWAKOYA
921,山北篤,ヤマキタアツ,YAMAKITAATSU
922,山本博文,ヤマモトヒロフミ,YAMAMOTOHIROFUMI
923,山本直英,ヤマモトナオヒデ,YAMAMOTONAOHIDE
924,山本省三,ヤマモトショウゾウ,YAMAMOTOSHOZO
925,山本忠敬,ヤマモトタダタカ,YAMAMOTOTADATAKA
926,山本有三,ヤマモトユウゾウ,YAMAMOTOYUZO
927,山室静,ヤマムロセイ,YAMAMUROSEI
928,山岡ひかる,ヤマオカヒカル,YAMAOKAHIKARU
929,山下明生,ヤマシタアキオ,YAMASHITAAKIO
930,山脇百合子,ヤマワキユリコ,YAMAWAKIYURIKO
931,柳田邦男,ヤナギダクニオ,YANAGIDAKUNIO
932,柳田国男,ヤナギダクニオ,YANAGIDAKUNIO
933,柳田理科雄,ヤナギダリカオ,YANAGIDARIKAO
934,柳原良平,ヤナギハラリョウヘイ,YANAGIHARARYOHEI
935,柳瀬尚紀,ヤナセナオキ,YANASENAOKI
936,柳瀬尚紀,ヤナセタカノリ,YANASETAKANORI
937,やなせたかし,ヤナセタカシ,YANASETAKASHI
938,ヤーノシュ,ヤーノシュ ,YANOSHU 
939,安河内哲也,ヤスコウチテツヤ,YASUKOCHITETSUYA
940,安野光雅,ヤスノミツマサ,YASUNOMITSUMASA
941,安岡定子,ヤスオカサダコ,YASUOKASADAKO
942,矢崎節夫,ヤザキサダオ,YAZAKISADAO
943,椰月美智子,ヤヅキミチコ,YAZUKIMICHIKO
944,ヨハンナ・スピリ,ヨハンナ・スピリ,YOHANNA・SUPIRI
945,横溝英一,ヨコミゾエイイチ,YOKOMIZOEIICHI
946,よこみぞゆり,ヨコミゾユリ,YOKOMIZOYURI
947,横山浩之,ヨコヤマヒロユキ,YOKOYAMAHIROYUKI
948,米川千嘉子,ヨネカワチカコ,YONEKAWACHIKAKO
949,依光隆,ヨリミツタカシ,YORIMITSUTAKASHI
950,養老孟司,ヨウロウタケシ,YOROTAKESHI
951,よしだじゅんこ,ヨシダジュンコ,YOSHIDAJUNKO
952,吉田純子,ヨシダジュンコ,YOSHIDAJUNKO
953,吉田隆子,ヨシダタカコ,YOSHIDATAKAKO
954,吉村昭,ヨシムラアキラ,YOSHIMURAAKIRA
955,よしながこうたく,ヨシナガコウタク,YOSHINAGAKOTAKU
956,吉野源三郎,ヨシノゲンザブロウ,YOSHINOGENZABURO
957,吉野万理子,ヨシノマリコ,YOSHINOMARIKO
958,芳野詩子,ヨシノウタコ,YOSHINOTAKO
959,ヨシリツ株式会社,ヨシリツカブシキガイシャ,YOSHIRITSUKABUSHIKIGAISHA
960,ヨシタケシンスケ,ヨシタケシンスケ,YOSHITAKESHINSUKE
961,吉海直人,ヨシウミタダビト,YOSHIUMITADABITO
962,吉崎観音,ヨシザキカンノン,YOSHIZAKIKANNON
963,湯浅とんぼ,ユアサトンボ,YUASATOMBO
964,湯本香樹実,ユモトカズミ,YUMOTOKAZUMI
965,ザ・キャビンカンパニー,ザ・キャビンカンパニー,ZA・KYABINKAMPANI
966,ズデネック・ミレル,ズデネック・ミレル,ZUDENEKKU・MIRERU
